Year,Sex,Facultad,Nivel,Total
2005-2006,M,Administración De Empresas,Bachillerato,108
2006-2007,M,Administración De Empresas,Bachillerato,134
2007-2008,M,Administración De Empresas,Bachillerato,139
2008-2009,M,Administración De Empresas,Bachillerato,128
2009-2010,M,Administración De Empresas,Bachillerato,110
2010-2011,M,Administración De Empresas,Bachillerato,101
2011-2012,M,Administración De Empresas,Bachillerato,134
2012-2013,M,Administración De Empresas,Bachillerato,120
2013-2014,M,Administración De Empresas,Bachillerato,133
2014-2015,M,Administración De Empresas,Bachillerato,131
2015-2016,M,Administración De Empresas,Bachillerato,128
2005-2006,M,Administración De Empresas,Maestria,20
2006-2007,M,Administración De Empresas,Maestria,18
2007-2008,M,Administración De Empresas,Maestria,18
2008-2009,M,Administración De Empresas,Maestria,28
2009-2010,M,Administración De Empresas,Maestria,11
2010-2011,M,Administración De Empresas,Maestria,22
2011-2012,M,Administración De Empresas,Maestria,14
2012-2013,M,Administración De Empresas,Maestria,32
2013-2014,M,Administración De Empresas,Maestria,28
2014-2015,M,Administración De Empresas,Maestria,20
2015-2016,M,Administración De Empresas,Maestria,33
2005-2006,M,Administración De Empresas,Doctorado,1
2006-2007,M,Administración De Empresas,Doctorado,0
2007-2008,M,Administración De Empresas,Doctorado,2
2008-2009,M,Administración De Empresas,Doctorado,2
2009-2010,M,Administración De Empresas,Doctorado,2
2010-2011,M,Administración De Empresas,Doctorado,0
2011-2012,M,Administración De Empresas,Doctorado,1
2012-2013,M,Administración De Empresas,Doctorado,5
2013-2014,M,Administración De Empresas,Doctorado,3
2014-2015,M,Administración De Empresas,Doctorado,0
2015-2016,M,Administración De Empresas,Doctorado,1
2005-2006,F,Administración De Empresas,Bachillerato,294
2006-2007,F,Administración De Empresas,Bachillerato,254
2007-2008,F,Administración De Empresas,Bachillerato,261
2008-2009,F,Administración De Empresas,Bachillerato,273
2009-2010,F,Administración De Empresas,Bachillerato,216
2010-2011,F,Administración De Empresas,Bachillerato,208
2011-2012,F,Administración De Empresas,Bachillerato,198
2012-2013,F,Administración De Empresas,Bachillerato,213
2013-2014,F,Administración De Empresas,Bachillerato,207
2014-2015,F,Administración De Empresas,Bachillerato,148
2015-2016,F,Administración De Empresas,Bachillerato,160
2005-2006,F,Administración De Empresas,Maestria,30
2006-2007,F,Administración De Empresas,Maestria,40
2007-2008,F,Administración De Empresas,Maestria,31
2008-2009,F,Administración De Empresas,Maestria,45
2009-2010,F,Administración De Empresas,Maestria,25
2010-2011,F,Administración De Empresas,Maestria,23
2011-2012,F,Administración De Empresas,Maestria,26
2012-2013,F,Administración De Empresas,Maestria,47
2013-2014,F,Administración De Empresas,Maestria,20
2014-2015,F,Administración De Empresas,Maestria,27
2015-2016,F,Administración De Empresas,Maestria,24
2005-2006,F,Administración De Empresas,Doctorado,2
2006-2007,F,Administración De Empresas,Doctorado,0
2007-2008,F,Administración De Empresas,Doctorado,0
2008-2009,F,Administración De Empresas,Doctorado,1
2009-2010,F,Administración De Empresas,Doctorado,2
2010-2011,F,Administración De Empresas,Doctorado,1
2011-2012,F,Administración De Empresas,Doctorado,1
2012-2013,F,Administración De Empresas,Doctorado,3
2013-2014,F,Administración De Empresas,Doctorado,5
2014-2015,F,Administración De Empresas,Doctorado,1
2015-2016,F,Administración De Empresas,Doctorado,2
2005-2006,M,Arquitectura,Bachillerato,18
2006-2007,M,Arquitectura,Bachillerato,21
2007-2008,M,Arquitectura,Bachillerato,26
2008-2009,M,Arquitectura,Bachillerato,19
2009-2010,M,Arquitectura,Bachillerato,19
2010-2011,M,Arquitectura,Bachillerato,18
2011-2012,M,Arquitectura,Bachillerato,28
2012-2013,M,Arquitectura,Bachillerato,20
2013-2014,M,Arquitectura,Bachillerato,25
2014-2015,M,Arquitectura,Bachillerato,24
2015-2016,M,Arquitectura,Bachillerato,28
2005-2006,M,Arquitectura,Maestria,8
2006-2007,M,Arquitectura,Maestria,14
2007-2008,M,Arquitectura,Maestria,23
2008-2009,M,Arquitectura,Maestria,20
2009-2010,M,Arquitectura,Maestria,19
2010-2011,M,Arquitectura,Maestria,7
2011-2012,M,Arquitectura,Maestria,8
2012-2013,M,Arquitectura,Maestria,22
2013-2014,M,Arquitectura,Maestria,8
2014-2015,M,Arquitectura,Maestria,20
2015-2016,M,Arquitectura,Maestria,17
2005-2006,F,Arquitectura,Bachillerato,15
2006-2007,F,Arquitectura,Bachillerato,30
2007-2008,F,Arquitectura,Bachillerato,40
2008-2009,F,Arquitectura,Bachillerato,36
2009-2010,F,Arquitectura,Bachillerato,20
2010-2011,F,Arquitectura,Bachillerato,34
2011-2012,F,Arquitectura,Bachillerato,33
2012-2013,F,Arquitectura,Bachillerato,26
2013-2014,F,Arquitectura,Bachillerato,22
2014-2015,F,Arquitectura,Bachillerato,28
2015-2016,F,Arquitectura,Bachillerato,30
2005-2006,F,Arquitectura,Maestria,10
2006-2007,F,Arquitectura,Maestria,13
2007-2008,F,Arquitectura,Maestria,17
2008-2009,F,Arquitectura,Maestria,10
2009-2010,F,Arquitectura,Maestria,12
2010-2011,F,Arquitectura,Maestria,15
2011-2012,F,Arquitectura,Maestria,12
2012-2013,F,Arquitectura,Maestria,12
2013-2014,F,Arquitectura,Maestria,8
2014-2015,F,Arquitectura,Maestria,26
2015-2016,F,Arquitectura,Maestria,17
2005-2006,M,Ciencias Naturales,Bachillerato,131
2006-2007,M,Ciencias Naturales,Bachillerato,150
2007-2008,M,Ciencias Naturales,Bachillerato,126
2008-2009,M,Ciencias Naturales,Bachillerato,146
2009-2010,M,Ciencias Naturales,Bachillerato,135
2010-2011,M,Ciencias Naturales,Bachillerato,120
2011-2012,M,Ciencias Naturales,Bachillerato,128
2012-2013,M,Ciencias Naturales,Bachillerato,125
2013-2014,M,Ciencias Naturales,Bachillerato,152
2014-2015,M,Ciencias Naturales,Bachillerato,146
2015-2016,M,Ciencias Naturales,Bachillerato,160
2005-2006,M,Ciencias Naturales,Maestria,13
2006-2007,M,Ciencias Naturales,Maestria,7
2007-2008,M,Ciencias Naturales,Maestria,8
2008-2009,M,Ciencias Naturales,Maestria,10
2009-2010,M,Ciencias Naturales,Maestria,7
2010-2011,M,Ciencias Naturales,Maestria,6
2011-2012,M,Ciencias Naturales,Maestria,5
2012-2013,M,Ciencias Naturales,Maestria,9
2013-2014,M,Ciencias Naturales,Maestria,4
2014-2015,M,Ciencias Naturales,Maestria,7
2015-2016,M,Ciencias Naturales,Maestria,11
2005-2006,M,Ciencias Naturales,Doctorado,9
2006-2007,M,Ciencias Naturales,Doctorado,9
2007-2008,M,Ciencias Naturales,Doctorado,16
2008-2009,M,Ciencias Naturales,Doctorado,11
2009-2010,M,Ciencias Naturales,Doctorado,16
2010-2011,M,Ciencias Naturales,Doctorado,7
2011-2012,M,Ciencias Naturales,Doctorado,18
2012-2013,M,Ciencias Naturales,Doctorado,12
2013-2014,M,Ciencias Naturales,Doctorado,14
2014-2015,M,Ciencias Naturales,Doctorado,13
2015-2016,M,Ciencias Naturales,Doctorado,18
2005-2006,F,Ciencias Naturales,Bachillerato,278
2006-2007,F,Ciencias Naturales,Bachillerato,261
2007-2008,F,Ciencias Naturales,Bachillerato,281
2008-2009,F,Ciencias Naturales,Bachillerato,298
2009-2010,F,Ciencias Naturales,Bachillerato,257
2010-2011,F,Ciencias Naturales,Bachillerato,242
2011-2012,F,Ciencias Naturales,Bachillerato,278
2012-2013,F,Ciencias Naturales,Bachillerato,272
2013-2014,F,Ciencias Naturales,Bachillerato,260
2014-2015,F,Ciencias Naturales,Bachillerato,279
2015-2016,F,Ciencias Naturales,Bachillerato,276
2005-2006,F,Ciencias Naturales,Maestria,7
2006-2007,F,Ciencias Naturales,Maestria,12
2007-2008,F,Ciencias Naturales,Maestria,4
2008-2009,F,Ciencias Naturales,Maestria,10
2009-2010,F,Ciencias Naturales,Maestria,9
2010-2011,F,Ciencias Naturales,Maestria,12
2011-2012,F,Ciencias Naturales,Maestria,6
2012-2013,F,Ciencias Naturales,Maestria,7
2013-2014,F,Ciencias Naturales,Maestria,10
2014-2015,F,Ciencias Naturales,Maestria,3
2015-2016,F,Ciencias Naturales,Maestria,5
2005-2006,F,Ciencias Naturales,Doctorado,12
2006-2007,F,Ciencias Naturales,Doctorado,10
2007-2008,F,Ciencias Naturales,Doctorado,11
2008-2009,F,Ciencias Naturales,Doctorado,16
2009-2010,F,Ciencias Naturales,Doctorado,6
2010-2011,F,Ciencias Naturales,Doctorado,10
2011-2012,F,Ciencias Naturales,Doctorado,10
2012-2013,F,Ciencias Naturales,Doctorado,16
2013-2014,F,Ciencias Naturales,Doctorado,13
2014-2015,F,Ciencias Naturales,Doctorado,18
2015-2016,F,Ciencias Naturales,Doctorado,13
2005-2006,M,Ciencias Sociales,Bachillerato,154
2006-2007,M,Ciencias Sociales,Bachillerato,147
2007-2008,M,Ciencias Sociales,Bachillerato,161
2008-2009,M,Ciencias Sociales,Bachillerato,182
2009-2010,M,Ciencias Sociales,Bachillerato,111
2010-2011,M,Ciencias Sociales,Bachillerato,158
2011-2012,M,Ciencias Sociales,Bachillerato,130
2012-2013,M,Ciencias Sociales,Bachillerato,151
2013-2014,M,Ciencias Sociales,Bachillerato,128
2014-2015,M,Ciencias Sociales,Bachillerato,124
2015-2016,M,Ciencias Sociales,Bachillerato,121
2005-2006,M,Ciencias Sociales,Maestria,25
2006-2007,M,Ciencias Sociales,Maestria,29
2007-2008,M,Ciencias Sociales,Maestria,20
2008-2009,M,Ciencias Sociales,Maestria,30
2009-2010,M,Ciencias Sociales,Maestria,29
2010-2011,M,Ciencias Sociales,Maestria,25
2011-2012,M,Ciencias Sociales,Maestria,23
2012-2013,M,Ciencias Sociales,Maestria,6
2013-2014,M,Ciencias Sociales,Maestria,18
2014-2015,M,Ciencias Sociales,Maestria,31
2015-2016,M,Ciencias Sociales,Maestria,31
2005-2006,M,Ciencias Sociales,Doctorado,5
2006-2007,M,Ciencias Sociales,Doctorado,6
2007-2008,M,Ciencias Sociales,Doctorado,12
2008-2009,M,Ciencias Sociales,Doctorado,4
2009-2010,M,Ciencias Sociales,Doctorado,5
2010-2011,M,Ciencias Sociales,Doctorado,5
2011-2012,M,Ciencias Sociales,Doctorado,5
2012-2013,M,Ciencias Sociales,Doctorado,3
2013-2014,M,Ciencias Sociales,Doctorado,2
2014-2015,M,Ciencias Sociales,Doctorado,5
2015-2016,M,Ciencias Sociales,Doctorado,0
2005-2006,F,Ciencias Sociales,Bachillerato,354
2006-2007,F,Ciencias Sociales,Bachillerato,418
2007-2008,F,Ciencias Sociales,Bachillerato,390
2008-2009,F,Ciencias Sociales,Bachillerato,426
2009-2010,F,Ciencias Sociales,Bachillerato,327
2010-2011,F,Ciencias Sociales,Bachillerato,267
2011-2012,F,Ciencias Sociales,Bachillerato,324
2012-2013,F,Ciencias Sociales,Bachillerato,296
2013-2014,F,Ciencias Sociales,Bachillerato,305
2014-2015,F,Ciencias Sociales,Bachillerato,283
2015-2016,F,Ciencias Sociales,Bachillerato,221
2005-2006,F,Ciencias Sociales,Maestria,116
2006-2007,F,Ciencias Sociales,Maestria,96
2007-2008,F,Ciencias Sociales,Maestria,108
2008-2009,F,Ciencias Sociales,Maestria,108
2009-2010,F,Ciencias Sociales,Maestria,109
2010-2011,F,Ciencias Sociales,Maestria,80
2011-2012,F,Ciencias Sociales,Maestria,57
2012-2013,F,Ciencias Sociales,Maestria,54
2013-2014,F,Ciencias Sociales,Maestria,46
2014-2015,F,Ciencias Sociales,Maestria,78
2015-2016,F,Ciencias Sociales,Maestria,62
2005-2006,F,Ciencias Sociales,Doctorado,22
2006-2007,F,Ciencias Sociales,Doctorado,18
2007-2008,F,Ciencias Sociales,Doctorado,31
2008-2009,F,Ciencias Sociales,Doctorado,18
2009-2010,F,Ciencias Sociales,Doctorado,20
2010-2011,F,Ciencias Sociales,Doctorado,16
2011-2012,F,Ciencias Sociales,Doctorado,17
2012-2013,F,Ciencias Sociales,Doctorado,12
2013-2014,F,Ciencias Sociales,Doctorado,22
2014-2015,F,Ciencias Sociales,Doctorado,17
2015-2016,F,Ciencias Sociales,Doctorado,21
2005-2006,M,Ciencias Y Tecnología De La Información,Cert. Post-Bach,8
2006-2007,M,Ciencias Y Tecnología De La Información,Cert. Post-Bach,4
2007-2008,M,Ciencias Y Tecnología De La Información,Cert. Post-Bach,0
2008-2009,M,Ciencias Y Tecnología De La Información,Cert. Post-Bach,1
2009-2010,M,Ciencias Y Tecnología De La Información,Cert. Post-Bach,2
2010-2011,M,Ciencias Y Tecnología De La Información,Cert. Post-Bach,7
2011-2012,M,Ciencias Y Tecnología De La Información,Cert. Post-Bach,2
2012-2013,M,Ciencias Y Tecnología De La Información,Cert. Post-Bach,3
2013-2014,M,Ciencias Y Tecnología De La Información,Cert. Post-Bach,4
2014-2015,M,Ciencias Y Tecnología De La Información,Cert. Post-Bach,3
2015-2016,M,Ciencias Y Tecnología De La Información,Cert. Post-Bach,0
2005-2006,M,Ciencias Y Tecnología De La Información,Maestria,5
2006-2007,M,Ciencias Y Tecnología De La Información,Maestria,5
2007-2008,M,Ciencias Y Tecnología De La Información,Maestria,6
2008-2009,M,Ciencias Y Tecnología De La Información,Maestria,10
2009-2010,M,Ciencias Y Tecnología De La Información,Maestria,2
2010-2011,M,Ciencias Y Tecnología De La Información,Maestria,2
2011-2012,M,Ciencias Y Tecnología De La Información,Maestria,15
2012-2013,M,Ciencias Y Tecnología De La Información,Maestria,6
2013-2014,M,Ciencias Y Tecnología De La Información,Maestria,6
2014-2015,M,Ciencias Y Tecnología De La Información,Maestria,5
2015-2016,M,Ciencias Y Tecnología De La Información,Maestria,4
2005-2006,M,Ciencias Y Tecnología De La Información,Cert. Post-Maestría,0
2006-2007,M,Ciencias Y Tecnología De La Información,Cert. Post-Maestría,0
2007-2008,M,Ciencias Y Tecnología De La Información,Cert. Post-Maestría,0
2008-2009,M,Ciencias Y Tecnología De La Información,Cert. Post-Maestría,3
2009-2010,M,Ciencias Y Tecnología De La Información,Cert. Post-Maestría,2
2010-2011,M,Ciencias Y Tecnología De La Información,Cert. Post-Maestría,1
2011-2012,M,Ciencias Y Tecnología De La Información,Cert. Post-Maestría,1
2012-2013,M,Ciencias Y Tecnología De La Información,Cert. Post-Maestría,0
2013-2014,M,Ciencias Y Tecnología De La Información,Cert. Post-Maestría,0
2014-2015,M,Ciencias Y Tecnología De La Información,Cert. Post-Maestría,0
2015-2016,M,Ciencias Y Tecnología De La Información,Cert. Post-Maestría,0
2005-2006,F,Ciencias Y Tecnología De La Información,Cert. Post-Bach,18
2006-2007,F,Ciencias Y Tecnología De La Información,Cert. Post-Bach,12
2007-2008,F,Ciencias Y Tecnología De La Información,Cert. Post-Bach,6
2008-2009,F,Ciencias Y Tecnología De La Información,Cert. Post-Bach,14
2009-2010,F,Ciencias Y Tecnología De La Información,Cert. Post-Bach,4
2010-2011,F,Ciencias Y Tecnología De La Información,Cert. Post-Bach,16
2011-2012,F,Ciencias Y Tecnología De La Información,Cert. Post-Bach,8
2012-2013,F,Ciencias Y Tecnología De La Información,Cert. Post-Bach,7
2013-2014,F,Ciencias Y Tecnología De La Información,Cert. Post-Bach,7
2014-2015,F,Ciencias Y Tecnología De La Información,Cert. Post-Bach,3
2015-2016,F,Ciencias Y Tecnología De La Información,Cert. Post-Bach,8
2005-2006,F,Ciencias Y Tecnología De La Información,Maestria,13
2006-2007,F,Ciencias Y Tecnología De La Información,Maestria,12
2007-2008,F,Ciencias Y Tecnología De La Información,Maestria,8
2008-2009,F,Ciencias Y Tecnología De La Información,Maestria,11
2009-2010,F,Ciencias Y Tecnología De La Información,Maestria,18
2010-2011,F,Ciencias Y Tecnología De La Información,Maestria,5
2011-2012,F,Ciencias Y Tecnología De La Información,Maestria,42
2012-2013,F,Ciencias Y Tecnología De La Información,Maestria,16
2013-2014,F,Ciencias Y Tecnología De La Información,Maestria,24
2014-2015,F,Ciencias Y Tecnología De La Información,Maestria,10
2015-2016,F,Ciencias Y Tecnología De La Información,Maestria,13
2005-2006,F,Ciencias Y Tecnología De La Información,Cert. Post-Maestría,2
2006-2007,F,Ciencias Y Tecnología De La Información,Cert. Post-Maestría,0
2007-2008,F,Ciencias Y Tecnología De La Información,Cert. Post-Maestría,1
2008-2009,F,Ciencias Y Tecnología De La Información,Cert. Post-Maestría,2
2009-2010,F,Ciencias Y Tecnología De La Información,Cert. Post-Maestría,1
2010-2011,F,Ciencias Y Tecnología De La Información,Cert. Post-Maestría,2
2011-2012,F,Ciencias Y Tecnología De La Información,Cert. Post-Maestría,0
2012-2013,F,Ciencias Y Tecnología De La Información,Cert. Post-Maestría,0
2013-2014,F,Ciencias Y Tecnología De La Información,Cert. Post-Maestría,0
2014-2015,F,Ciencias Y Tecnología De La Información,Cert. Post-Maestría,0
2015-2016,F,Ciencias Y Tecnología De La Información,Cert. Post-Maestría,0
2005-2006,M,Comunicación,Bachillerato,32
2006-2007,M,Comunicación,Bachillerato,22
2007-2008,M,Comunicación,Bachillerato,37
2008-2009,M,Comunicación,Bachillerato,31
2009-2010,M,Comunicación,Bachillerato,33
2010-2011,M,Comunicación,Bachillerato,24
2011-2012,M,Comunicación,Bachillerato,34
2012-2013,M,Comunicación,Bachillerato,31
2013-2014,M,Comunicación,Bachillerato,28
2014-2015,M,Comunicación,Bachillerato,33
2015-2016,M,Comunicación,Bachillerato,25
2005-2006,M,Comunicación,Maestria,3
2006-2007,M,Comunicación,Maestria,4
2007-2008,M,Comunicación,Maestria,8
2008-2009,M,Comunicación,Maestria,2
2009-2010,M,Comunicación,Maestria,1
2010-2011,M,Comunicación,Maestria,1
2011-2012,M,Comunicación,Maestria,2
2012-2013,M,Comunicación,Maestria,1
2013-2014,M,Comunicación,Maestria,4
2014-2015,M,Comunicación,Maestria,2
2015-2016,M,Comunicación,Maestria,1
2005-2006,F,Comunicación,Bachillerato,144
2006-2007,F,Comunicación,Bachillerato,117
2007-2008,F,Comunicación,Bachillerato,102
2008-2009,F,Comunicación,Bachillerato,102
2009-2010,F,Comunicación,Bachillerato,92
2010-2011,F,Comunicación,Bachillerato,115
2011-2012,F,Comunicación,Bachillerato,111
2012-2013,F,Comunicación,Bachillerato,94
2013-2014,F,Comunicación,Bachillerato,78
2014-2015,F,Comunicación,Bachillerato,69
2015-2016,F,Comunicación,Bachillerato,79
2005-2006,F,Comunicación,Maestria,7
2006-2007,F,Comunicación,Maestria,7
2007-2008,F,Comunicación,Maestria,8
2008-2009,F,Comunicación,Maestria,11
2009-2010,F,Comunicación,Maestria,9
2010-2011,F,Comunicación,Maestria,4
2011-2012,F,Comunicación,Maestria,3
2012-2013,F,Comunicación,Maestria,1
2013-2014,F,Comunicación,Maestria,7
2014-2015,F,Comunicación,Maestria,4
2015-2016,F,Comunicación,Maestria,8
2005-2006,M,Derecho,Primer Nivel Profesional,64
2006-2007,M,Derecho,Primer Nivel Profesional,69
2007-2008,M,Derecho,Primer Nivel Profesional,95
2008-2009,M,Derecho,Primer Nivel Profesional,85
2009-2010,M,Derecho,Primer Nivel Profesional,83
2010-2011,M,Derecho,Primer Nivel Profesional,113
2011-2012,M,Derecho,Primer Nivel Profesional,83
2012-2013,M,Derecho,Primer Nivel Profesional,78
2013-2014,M,Derecho,Primer Nivel Profesional,86
2014-2015,M,Derecho,Primer Nivel Profesional,76
2015-2016,M,Derecho,Primer Nivel Profesional,84
2005-2006,M,Derecho,Maestria,0
2006-2007,M,Derecho,Maestria,1
2007-2008,M,Derecho,Maestria,0
2008-2009,M,Derecho,Maestria,2
2009-2010,M,Derecho,Maestria,0
2010-2011,M,Derecho,Maestria,0
2011-2012,M,Derecho,Maestria,2
2012-2013,M,Derecho,Maestria,3
2013-2014,M,Derecho,Maestria,1
2014-2015,M,Derecho,Maestria,0
2015-2016,M,Derecho,Maestria,0
2005-2006,F,Derecho,Primer Nivel Profesional,106
2006-2007,F,Derecho,Primer Nivel Profesional,110
2007-2008,F,Derecho,Primer Nivel Profesional,100
2008-2009,F,Derecho,Primer Nivel Profesional,103
2009-2010,F,Derecho,Primer Nivel Profesional,102
2010-2011,F,Derecho,Primer Nivel Profesional,121
2011-2012,F,Derecho,Primer Nivel Profesional,118
2012-2013,F,Derecho,Primer Nivel Profesional,111
2013-2014,F,Derecho,Primer Nivel Profesional,116
2014-2015,F,Derecho,Primer Nivel Profesional,92
2015-2016,F,Derecho,Primer Nivel Profesional,106
2005-2006,F,Derecho,Maestria,0
2006-2007,F,Derecho,Maestria,0
2007-2008,F,Derecho,Maestria,1
2008-2009,F,Derecho,Maestria,2
2009-2010,F,Derecho,Maestria,2
2010-2011,F,Derecho,Maestria,1
2011-2012,F,Derecho,Maestria,0
2012-2013,F,Derecho,Maestria,5
2013-2014,F,Derecho,Maestria,1
2014-2015,F,Derecho,Maestria,2
2015-2016,F,Derecho,Maestria,0
2005-2006,M,Educación,Bachillerato,128
2006-2007,M,Educación,Bachillerato,129
2007-2008,M,Educación,Bachillerato,142
2008-2009,M,Educación,Bachillerato,124
2009-2010,M,Educación,Bachillerato,120
2010-2011,M,Educación,Bachillerato,75
2011-2012,M,Educación,Bachillerato,75
2012-2013,M,Educación,Bachillerato,73
2013-2014,M,Educación,Bachillerato,51
2014-2015,M,Educación,Bachillerato,54
2015-2016,M,Educación,Bachillerato,45
2005-2006,M,Educación,Maestria,5
2006-2007,M,Educación,Maestria,9
2007-2008,M,Educación,Maestria,7
2008-2009,M,Educación,Maestria,10
2009-2010,M,Educación,Maestria,5
2010-2011,M,Educación,Maestria,2
2011-2012,M,Educación,Maestria,6
2012-2013,M,Educación,Maestria,2
2013-2014,M,Educación,Maestria,10
2014-2015,M,Educación,Maestria,4
2015-2016,M,Educación,Maestria,11
2005-2006,M,Educación,Doctorado,5
2006-2007,M,Educación,Doctorado,4
2007-2008,M,Educación,Doctorado,4
2008-2009,M,Educación,Doctorado,8
2009-2010,M,Educación,Doctorado,5
2010-2011,M,Educación,Doctorado,8
2011-2012,M,Educación,Doctorado,11
2012-2013,M,Educación,Doctorado,3
2013-2014,M,Educación,Doctorado,1
2014-2015,M,Educación,Doctorado,14
2015-2016,M,Educación,Doctorado,7
2005-2006,F,Educación,Bachillerato,365
2006-2007,F,Educación,Bachillerato,441
2007-2008,F,Educación,Bachillerato,416
2008-2009,F,Educación,Bachillerato,419
2009-2010,F,Educación,Bachillerato,342
2010-2011,F,Educación,Bachillerato,219
2011-2012,F,Educación,Bachillerato,243
2012-2013,F,Educación,Bachillerato,181
2013-2014,F,Educación,Bachillerato,160
2014-2015,F,Educación,Bachillerato,185
2015-2016,F,Educación,Bachillerato,139
2005-2006,F,Educación,Maestria,39
2006-2007,F,Educación,Maestria,36
2007-2008,F,Educación,Maestria,38
2008-2009,F,Educación,Maestria,29
2009-2010,F,Educación,Maestria,24
2010-2011,F,Educación,Maestria,22
2011-2012,F,Educación,Maestria,31
2012-2013,F,Educación,Maestria,23
2013-2014,F,Educación,Maestria,48
2014-2015,F,Educación,Maestria,28
2015-2016,F,Educación,Maestria,28
2005-2006,F,Educación,Doctorado,19
2006-2007,F,Educación,Doctorado,11
2007-2008,F,Educación,Doctorado,17
2008-2009,F,Educación,Doctorado,22
2009-2010,F,Educación,Doctorado,11
2010-2011,F,Educación,Doctorado,8
2011-2012,F,Educación,Doctorado,25
2012-2013,F,Educación,Doctorado,18
2013-2014,F,Educación,Doctorado,13
2014-2015,F,Educación,Doctorado,20
2015-2016,F,Educación,Doctorado,24
2005-2006,M,Estudios Generales,Bachillerato,2
2006-2007,M,Estudios Generales,Bachillerato,2
2007-2008,M,Estudios Generales,Bachillerato,3
2008-2009,M,Estudios Generales,Bachillerato,4
2009-2010,M,Estudios Generales,Bachillerato,5
2010-2011,M,Estudios Generales,Bachillerato,3
2011-2012,M,Estudios Generales,Bachillerato,7
2012-2013,M,Estudios Generales,Bachillerato,4
2013-2014,M,Estudios Generales,Bachillerato,5
2014-2015,M,Estudios Generales,Bachillerato,3
2015-2016,M,Estudios Generales,Bachillerato,5
2005-2006,F,Estudios Generales,Bachillerato,4
2006-2007,F,Estudios Generales,Bachillerato,7
2007-2008,F,Estudios Generales,Bachillerato,3
2008-2009,F,Estudios Generales,Bachillerato,7
2009-2010,F,Estudios Generales,Bachillerato,10
2010-2011,F,Estudios Generales,Bachillerato,5
2011-2012,F,Estudios Generales,Bachillerato,2
2012-2013,F,Estudios Generales,Bachillerato,4
2013-2014,F,Estudios Generales,Bachillerato,3
2014-2015,F,Estudios Generales,Bachillerato,3
2015-2016,F,Estudios Generales,Bachillerato,9
2005-2006,M,Humanidades,Bachillerato,63
2006-2007,M,Humanidades,Bachillerato,69
2007-2008,M,Humanidades,Bachillerato,77
2008-2009,M,Humanidades,Bachillerato,80
2009-2010,M,Humanidades,Bachillerato,78
2010-2011,M,Humanidades,Bachillerato,75
2011-2012,M,Humanidades,Bachillerato,84
2012-2013,M,Humanidades,Bachillerato,62
2013-2014,M,Humanidades,Bachillerato,71
2014-2015,M,Humanidades,Bachillerato,96
2015-2016,M,Humanidades,Bachillerato,80
2005-2006,M,Humanidades,Cert. Post-Bach,0
2006-2007,M,Humanidades,Cert. Post-Bach,0
2007-2008,M,Humanidades,Cert. Post-Bach,0
2008-2009,M,Humanidades,Cert. Post-Bach,0
2009-2010,M,Humanidades,Cert. Post-Bach,5
2010-2011,M,Humanidades,Cert. Post-Bach,8
2011-2012,M,Humanidades,Cert. Post-Bach,0
2012-2013,M,Humanidades,Cert. Post-Bach,0
2013-2014,M,Humanidades,Cert. Post-Bach,0
2014-2015,M,Humanidades,Cert. Post-Bach,0
2015-2016,M,Humanidades,Cert. Post-Bach,0
2005-2006,M,Humanidades,Maestria,10
2006-2007,M,Humanidades,Maestria,16
2007-2008,M,Humanidades,Maestria,8
2008-2009,M,Humanidades,Maestria,11
2009-2010,M,Humanidades,Maestria,7
2010-2011,M,Humanidades,Maestria,6
2011-2012,M,Humanidades,Maestria,18
2012-2013,M,Humanidades,Maestria,8
2013-2014,M,Humanidades,Maestria,22
2014-2015,M,Humanidades,Maestria,18
2015-2016,M,Humanidades,Maestria,12
2005-2006,M,Humanidades,Cert. Post-Maestría,0
2006-2007,M,Humanidades,Cert. Post-Maestría,0
2007-2008,M,Humanidades,Cert. Post-Maestría,0
2008-2009,M,Humanidades,Cert. Post-Maestría,0
2009-2010,M,Humanidades,Cert. Post-Maestría,0
2010-2011,M,Humanidades,Cert. Post-Maestría,1
2011-2012,M,Humanidades,Cert. Post-Maestría,0
2012-2013,M,Humanidades,Cert. Post-Maestría,0
2013-2014,M,Humanidades,Cert. Post-Maestría,0
2014-2015,M,Humanidades,Cert. Post-Maestría,0
2015-2016,M,Humanidades,Cert. Post-Maestría,0
2005-2006,M,Humanidades,Doctorado,5
2006-2007,M,Humanidades,Doctorado,7
2007-2008,M,Humanidades,Doctorado,8
2008-2009,M,Humanidades,Doctorado,13
2009-2010,M,Humanidades,Doctorado,8
2010-2011,M,Humanidades,Doctorado,4
2011-2012,M,Humanidades,Doctorado,6
2012-2013,M,Humanidades,Doctorado,2
2013-2014,M,Humanidades,Doctorado,4
2014-2015,M,Humanidades,Doctorado,6
2015-2016,M,Humanidades,Doctorado,3
2005-2006,F,Humanidades,Bachillerato,142
2006-2007,F,Humanidades,Bachillerato,156
2007-2008,F,Humanidades,Bachillerato,174
2008-2009,F,Humanidades,Bachillerato,170
2009-2010,F,Humanidades,Bachillerato,164
2010-2011,F,Humanidades,Bachillerato,169
2011-2012,F,Humanidades,Bachillerato,183
2012-2013,F,Humanidades,Bachillerato,132
2013-2014,F,Humanidades,Bachillerato,162
2014-2015,F,Humanidades,Bachillerato,142
2015-2016,F,Humanidades,Bachillerato,174
2005-2006,F,Humanidades,Cert. Post-Bach,0
2006-2007,F,Humanidades,Cert. Post-Bach,0
2007-2008,F,Humanidades,Cert. Post-Bach,0
2008-2009,F,Humanidades,Cert. Post-Bach,0
2009-2010,F,Humanidades,Cert. Post-Bach,32
2010-2011,F,Humanidades,Cert. Post-Bach,50
2011-2012,F,Humanidades,Cert. Post-Bach,0
2012-2013,F,Humanidades,Cert. Post-Bach,0
2013-2014,F,Humanidades,Cert. Post-Bach,0
2014-2015,F,Humanidades,Cert. Post-Bach,2
2015-2016,F,Humanidades,Cert. Post-Bach,0
2005-2006,F,Humanidades,Maestria,22
2006-2007,F,Humanidades,Maestria,22
2007-2008,F,Humanidades,Maestria,26
2008-2009,F,Humanidades,Maestria,38
2009-2010,F,Humanidades,Maestria,23
2010-2011,F,Humanidades,Maestria,23
2011-2012,F,Humanidades,Maestria,40
2012-2013,F,Humanidades,Maestria,21
2013-2014,F,Humanidades,Maestria,42
2014-2015,F,Humanidades,Maestria,20
2015-2016,F,Humanidades,Maestria,17
2005-2006,F,Humanidades,Cert. Post-Maestría,0
2006-2007,F,Humanidades,Cert. Post-Maestría,0
2007-2008,F,Humanidades,Cert. Post-Maestría,0
2008-2009,F,Humanidades,Cert. Post-Maestría,0
2009-2010,F,Humanidades,Cert. Post-Maestría,0
2010-2011,F,Humanidades,Cert. Post-Maestría,0
2011-2012,F,Humanidades,Cert. Post-Maestría,0
2012-2013,F,Humanidades,Cert. Post-Maestría,0
2013-2014,F,Humanidades,Cert. Post-Maestría,0
2014-2015,F,Humanidades,Cert. Post-Maestría,1
2015-2016,F,Humanidades,Cert. Post-Maestría,2
2005-2006,F,Humanidades,Doctorado,10
2006-2007,F,Humanidades,Doctorado,7
2007-2008,F,Humanidades,Doctorado,11
2008-2009,F,Humanidades,Doctorado,10
2009-2010,F,Humanidades,Doctorado,11
2010-2011,F,Humanidades,Doctorado,10
2011-2012,F,Humanidades,Doctorado,13
2012-2013,F,Humanidades,Doctorado,6
2013-2014,F,Humanidades,Doctorado,5
2014-2015,F,Humanidades,Doctorado,10
2015-2016,F,Humanidades,Doctorado,11
2005-2006,M,Planificación,Maestria,8
2006-2007,M,Planificación,Maestria,13
2007-2008,M,Planificación,Maestria,11
2008-2009,M,Planificación,Maestria,10
2009-2010,M,Planificación,Maestria,9
2010-2011,M,Planificación,Maestria,6
2011-2012,M,Planificación,Maestria,11
2012-2013,M,Planificación,Maestria,7
2013-2014,M,Planificación,Maestria,6
2014-2015,M,Planificación,Maestria,6
2015-2016,M,Planificación,Maestria,4
2005-2006,F,Planificación,Maestria,9
2006-2007,F,Planificación,Maestria,13
2007-2008,F,Planificación,Maestria,15
2008-2009,F,Planificación,Maestria,8
2009-2010,F,Planificación,Maestria,6
2010-2011,F,Planificación,Maestria,6
2011-2012,F,Planificación,Maestria,15
2012-2013,F,Planificación,Maestria,6
2013-2014,F,Planificación,Maestria,6
2014-2015,F,Planificación,Maestria,5
2015-2016,F,Planificación,Maestria,8