tas,Year, Month, Country,Month_Name
23.0784,1901,1,PRI,January
23.5031,1901,2,PRI,February
23.5213,1901,3,PRI,March
24.2107,1901,4,PRI,April
25.3853,1901,5,PRI,May
25.2893,1901,6,PRI,June
25.1789,1901,7,PRI,July
25.9425,1901,8,PRI,August
25.8651,1901,9,PRI,September
25.2676,1901,10,PRI,October
24.541,1901,11,PRI,November
23.8098,1901,12,PRI,December
22.87,1902,1,PRI,January
23.5777,1902,2,PRI,February
22.7875,1902,3,PRI,March
23.5798,1902,4,PRI,April
24.3638,1902,5,PRI,May
24.9075,1902,6,PRI,June
25.4748,1902,7,PRI,July
25.76,1902,8,PRI,August
25.3953,1902,9,PRI,September
24.9954,1902,10,PRI,October
24.3077,1902,11,PRI,November
23.9193,1902,12,PRI,December
23.57,1903,1,PRI,January
23.0389,1903,2,PRI,February
22.8941,1903,3,PRI,March
23.8309,1903,4,PRI,April
25.5561,1903,5,PRI,May
26.1108,1903,6,PRI,June
25.6333,1903,7,PRI,July
25.6773,1903,8,PRI,August
25.382,1903,9,PRI,September
25.2535,1903,10,PRI,October
24.3904,1903,11,PRI,November
23.5198,1903,12,PRI,December
22.8878,1904,1,PRI,January
22.4043,1904,2,PRI,February
22.6123,1904,3,PRI,March
22.8161,1904,4,PRI,April
24.6465,1904,5,PRI,May
25.0713,1904,6,PRI,June
24.9825,1904,7,PRI,July
24.8041,1904,8,PRI,August
24.9992,1904,9,PRI,September
24.7002,1904,10,PRI,October
24.7295,1904,11,PRI,November
23.8193,1904,12,PRI,December
22.8784,1905,1,PRI,January
22.4973,1905,2,PRI,February
22.7037,1905,3,PRI,March
24.0308,1905,4,PRI,April
24.3968,1905,5,PRI,May
25.4658,1905,6,PRI,June
25.3682,1905,7,PRI,July
25.7742,1905,8,PRI,August
25.4886,1905,9,PRI,September
24.9925,1905,10,PRI,October
25.1387,1905,11,PRI,November
23.8372,1905,12,PRI,December
22.7259,1906,1,PRI,January
22.5742,1906,2,PRI,February
22.973,1906,3,PRI,March
23.4769,1906,4,PRI,April
24.8953,1906,5,PRI,May
24.8914,1906,6,PRI,June
25.2748,1906,7,PRI,July
25.9284,1906,8,PRI,August
25.4886,1906,9,PRI,September
25.4444,1906,10,PRI,October
24.9359,1906,11,PRI,November
22.6887,1906,12,PRI,December
21.7902,1907,1,PRI,January
21.6245,1907,2,PRI,February
22.0267,1907,3,PRI,March
23.0104,1907,4,PRI,April
24.1971,1907,5,PRI,May
25.0921,1907,6,PRI,June
25.7305,1907,7,PRI,July
25.5773,1907,8,PRI,August
25.4848,1907,9,PRI,September
25.0858,1907,10,PRI,October
24.6616,1907,11,PRI,November
23.8221,1907,12,PRI,December
23.0878,1908,1,PRI,January
22.545,1908,2,PRI,February
22.7969,1908,3,PRI,March
23.4167,1908,4,PRI,April
24.9177,1908,5,PRI,May
25.5478,1908,6,PRI,June
25.8221,1908,7,PRI,July
26.2083,1908,8,PRI,August
25.6703,1908,9,PRI,September
25.2535,1908,10,PRI,October
24.4046,1908,11,PRI,November
23.642,1908,12,PRI,December
22.4537,1909,1,PRI,January
22.1977,1909,2,PRI,February
23.5213,1909,3,PRI,March
23.1102,1909,4,PRI,April
24.8178,1909,5,PRI,May
24.619,1909,6,PRI,June
25.4682,1909,7,PRI,July
24.9919,1909,8,PRI,August
25.6675,1909,9,PRI,September
25.2647,1909,10,PRI,October
23.9081,1909,11,PRI,November
22.6887,1909,12,PRI,December
22.0345,1910,1,PRI,January
21.7085,1910,2,PRI,February
22.3906,1910,3,PRI,March
22.8944,1910,4,PRI,April
23.8784,1910,5,PRI,May
24.9885,1910,6,PRI,June
25.2682,1910,7,PRI,July
25.5631,1910,8,PRI,August
24.7155,1910,9,PRI,September
24.7918,1910,10,PRI,October
24.7295,1910,11,PRI,November
24.0768,1910,12,PRI,December
22.1674,1911,1,PRI,January
22.0159,1911,2,PRI,February
22.1171,1911,3,PRI,March
23.0979,1911,4,PRI,April
23.9642,1911,5,PRI,May
25.4566,1911,6,PRI,June
25.3682,1911,7,PRI,July
26.0171,1911,8,PRI,August
25.6675,1911,9,PRI,September
25.4624,1911,10,PRI,October
25.1566,1911,11,PRI,November
23.7456,1911,12,PRI,December
23.3878,1912,1,PRI,January
23.307,1912,2,PRI,February
23.4655,1912,3,PRI,March
23.3159,1912,4,PRI,April
24.9177,1912,5,PRI,May
25.0921,1912,6,PRI,June
25.8305,1912,7,PRI,July
25.8485,1912,8,PRI,August
25.6817,1912,9,PRI,September
25.1858,1912,10,PRI,October
24.739,1912,11,PRI,November
23.9372,1912,12,PRI,December
22.4755,1913,1,PRI,January
21.8366,1913,2,PRI,February
22.1559,1913,3,PRI,March
22.4568,1913,4,PRI,April
25.4892,1913,5,PRI,May
24.0568,1913,6,PRI,June
24.6101,1913,7,PRI,July
24.808,1913,8,PRI,August
25.103,1913,9,PRI,September
26.113,1913,10,PRI,October
24.0051,1913,11,PRI,November
22.7943,1913,12,PRI,December
22.4283,1914,1,PRI,January
22.2005,1914,2,PRI,February
22.8583,1914,3,PRI,March
22.9161,1914,4,PRI,April
24.1698,1914,5,PRI,May
24.4218,1914,6,PRI,June
24.9902,1914,7,PRI,July
25.1106,1914,8,PRI,August
25.5848,1914,9,PRI,September
25.182,1914,10,PRI,October
24.739,1914,11,PRI,November
24.4193,1914,12,PRI,December
22.9878,1915,1,PRI,January
22.191,1915,2,PRI,February
23.4788,1915,3,PRI,March
23.0509,1915,4,PRI,April
24.7213,1915,5,PRI,May
25.5285,1915,6,PRI,June
25.9956,1915,7,PRI,July
26.1166,1915,8,PRI,August
26.0051,1915,9,PRI,September
25.8208,1915,10,PRI,October
24.9953,1915,11,PRI,November
23.9355,1915,12,PRI,December
22.5687,1916,1,PRI,January
22.205,1916,2,PRI,February
22.3681,1916,3,PRI,March
23.1481,1916,4,PRI,April
24.9465,1916,5,PRI,May
25.4201,1916,6,PRI,June
25.3906,1916,7,PRI,July
25.5547,1916,8,PRI,August
25.2454,1916,9,PRI,September
24.6161,1916,10,PRI,October
24.1077,1916,11,PRI,November
22.6915,1916,12,PRI,December
21.7902,1917,1,PRI,January
21.505,1917,2,PRI,February
22.1579,1917,3,PRI,March
23.0294,1917,4,PRI,April
24.1782,1917,5,PRI,May
24.709,1917,6,PRI,June
25.106,1917,7,PRI,July
25.2078,1917,8,PRI,August
25.0437,1917,9,PRI,September
26.113,1917,10,PRI,October
24.2448,1917,11,PRI,November
22.6887,1917,12,PRI,December
22.0251,1918,1,PRI,January
22.0243,1918,2,PRI,February
22.1151,1918,3,PRI,March
22.8161,1918,4,PRI,April
23.5851,1918,5,PRI,May
24.6015,1918,6,PRI,June
24.9863,1918,7,PRI,July
25.6885,1918,8,PRI,August
25.4709,1918,9,PRI,September
24.7493,1918,10,PRI,October
24.023,1918,11,PRI,November
23.1945,1918,12,PRI,December
22.4427,1919,1,PRI,January
22.6478,1919,2,PRI,February
22.6008,1919,3,PRI,March
22.9944,1919,4,PRI,April
25.0948,1919,5,PRI,May
25.2854,1919,6,PRI,June
24.7988,1919,7,PRI,July
25.5839,1919,8,PRI,August
25.1069,1919,9,PRI,September
24.7153,1919,10,PRI,October
23.9109,1919,11,PRI,November
23.4395,1919,12,PRI,December
22.508,1920,1,PRI,January
22.7158,1920,2,PRI,February
22.9762,1920,3,PRI,March
23.5902,1920,4,PRI,April
25.1089,1920,5,PRI,May
24.9215,1920,6,PRI,June
24.9825,1920,7,PRI,July
25.1917,1920,8,PRI,August
25.1946,1920,9,PRI,September
24.6964,1920,10,PRI,October
24.3077,1920,11,PRI,November
23.295,1920,12,PRI,December
22.5578,1921,1,PRI,January
22.7341,1921,2,PRI,February
22.4594,1921,3,PRI,March
22.4881,1921,4,PRI,April
24.363,1921,5,PRI,May
25.6429,1921,6,PRI,June
24.6357,1921,7,PRI,July
25.1871,1921,8,PRI,August
25.3123,1921,9,PRI,September
25.2135,1921,10,PRI,October
24.4392,1921,11,PRI,November
23.3198,1921,12,PRI,December
22.3374,1922,1,PRI,January
22.2852,1922,2,PRI,February
22.1712,1922,3,PRI,March
22.1792,1922,4,PRI,April
24.2918,1922,5,PRI,May
24.6036,1922,6,PRI,June
24.9572,1922,7,PRI,July
25.2551,1922,8,PRI,August
25.3998,1922,9,PRI,September
24.9707,1922,10,PRI,October
24.154,1922,11,PRI,November
23.068,1922,12,PRI,December
21.8916,1923,1,PRI,January
21.8882,1923,2,PRI,February
22.1818,1923,3,PRI,March
22.7256,1923,4,PRI,April
25.2544,1923,5,PRI,May
24.5236,1923,6,PRI,June
25.0685,1923,7,PRI,July
25.4519,1923,8,PRI,August
25.6082,1923,9,PRI,September
25.2585,1923,10,PRI,October
24.4958,1923,11,PRI,November
23.0125,1923,12,PRI,December
22.5599,1924,1,PRI,January
22.1906,1924,2,PRI,February
23.3461,1924,3,PRI,March
23.9699,1924,4,PRI,April
25.179,1924,5,PRI,May
24.91,1924,6,PRI,June
25.2695,1924,7,PRI,July
25.7326,1924,8,PRI,August
25.6679,1924,9,PRI,September
25.269,1924,10,PRI,October
24.8387,1924,11,PRI,November
23.7569,1924,12,PRI,December
22.4971,1925,1,PRI,January
21.8163,1925,2,PRI,February
22.5125,1925,3,PRI,March
23.6923,1925,4,PRI,April
25.0467,1925,5,PRI,May
24.9159,1925,6,PRI,June
24.8902,1925,7,PRI,July
25.8312,1925,8,PRI,August
25.7746,1925,9,PRI,September
25.4789,1925,10,PRI,October
24.6729,1925,11,PRI,November
23.6761,1925,12,PRI,December
23.0408,1926,1,PRI,January
22.7931,1926,2,PRI,February
23.3931,1926,3,PRI,March
23.804,1926,4,PRI,April
25.2716,1926,5,PRI,May
25.2179,1926,6,PRI,June
25.4743,1926,7,PRI,July
25.7102,1926,8,PRI,August
25.683,1926,9,PRI,September
25.0754,1926,10,PRI,October
24.7172,1926,11,PRI,November
23.395,1926,12,PRI,December
22.6618,1927,1,PRI,January
21.9132,1927,2,PRI,February
22.6144,1927,3,PRI,March
22.9618,1927,4,PRI,April
24.4209,1927,5,PRI,May
24.8048,1927,6,PRI,June
25.2329,1927,7,PRI,July
25.4685,1927,8,PRI,August
25.6106,1927,9,PRI,September
25.1506,1927,10,PRI,October
24.4704,1927,11,PRI,November
23.3226,1927,12,PRI,December
22.3431,1928,1,PRI,January
22.4152,1928,2,PRI,February
22.6843,1928,3,PRI,March
22.7586,1928,4,PRI,April
24.8772,1928,5,PRI,May
25.0832,1928,6,PRI,June
25.2705,1928,7,PRI,July
25.5516,1928,8,PRI,August
25.3121,1928,9,PRI,September
24.9904,1928,10,PRI,October
24.8387,1928,11,PRI,November
23.5196,1928,12,PRI,December
22.6398,1929,1,PRI,January
22.5148,1929,2,PRI,February
22.7682,1929,3,PRI,March
22.9765,1929,4,PRI,April
23.6518,1929,5,PRI,May
24.7159,1929,6,PRI,June
25.366,1929,7,PRI,July
25.2078,1929,8,PRI,August
25.1227,1929,9,PRI,September
24.9679,1929,10,PRI,October
24.2223,1929,11,PRI,November
23.4684,1929,12,PRI,December
22.2783,1930,1,PRI,January
22.2005,1930,2,PRI,February
22.9903,1930,3,PRI,March
23.4127,1930,4,PRI,April
25.0948,1930,5,PRI,May
25.0854,1930,6,PRI,June
25.4566,1930,7,PRI,July
25.9312,1930,8,PRI,August
25.5037,1930,9,PRI,September
25.3135,1930,10,PRI,October
24.9028,1930,11,PRI,November
23.9193,1930,12,PRI,December
23.1661,1931,1,PRI,January
22.8271,1931,2,PRI,February
24.3474,1931,3,PRI,March
24.2419,1931,4,PRI,April
26.3244,1931,5,PRI,May
26.0164,1931,6,PRI,June
26.1048,1931,7,PRI,July
26.2195,1931,8,PRI,August
25.8613,1931,9,PRI,September
25.7242,1931,10,PRI,October
24.9387,1931,11,PRI,November
23.9418,1931,12,PRI,December
22.7221,1932,1,PRI,January
22.3229,1932,2,PRI,February
23.5213,1932,3,PRI,March
24.0624,1932,4,PRI,April
25.138,1932,5,PRI,May
25.8164,1932,6,PRI,June
25.6996,1932,7,PRI,July
26.4083,1932,8,PRI,August
26.613,1932,9,PRI,September
25.8462,1932,10,PRI,October
25.1691,1932,11,PRI,November
24.1931,1932,12,PRI,December
22.9303,1933,1,PRI,January
22.6767,1933,2,PRI,February
23.1928,1933,3,PRI,March
23.6439,1933,4,PRI,April
25.3976,1933,5,PRI,May
25.7842,1933,6,PRI,June
25.7843,1933,7,PRI,July
26.2139,1933,8,PRI,August
25.6334,1933,9,PRI,September
25.8186,1933,10,PRI,October
25.1429,1933,11,PRI,November
23.8878,1933,12,PRI,December
22.6477,1934,1,PRI,January
22.6163,1934,2,PRI,February
22.7805,1934,3,PRI,March
23.7246,1934,4,PRI,April
25.0255,1934,5,PRI,May
25.2966,1934,6,PRI,June
25.1824,1934,7,PRI,July
25.7801,1934,8,PRI,August
25.7812,1934,9,PRI,September
25.9204,1934,10,PRI,October
24.6637,1934,11,PRI,November
23.84,1934,12,PRI,December
22.5011,1935,1,PRI,January
22.223,1935,2,PRI,February
22.6531,1935,3,PRI,March
23.3736,1935,4,PRI,April
24.5266,1935,5,PRI,May
25.0947,1935,6,PRI,June
25.4101,1935,7,PRI,July
25.776,1935,8,PRI,August
25.7232,1935,9,PRI,September
25.0741,1935,10,PRI,October
24.5307,1935,11,PRI,November
23.5398,1935,12,PRI,December
22.8568,1936,1,PRI,January
22.9248,1936,2,PRI,February
23.0054,1936,3,PRI,March
23.8089,1936,4,PRI,April
25.3574,1936,5,PRI,May
26.1246,1936,6,PRI,June
25.4626,1936,7,PRI,July
25.7771,1936,8,PRI,August
25.827,1936,9,PRI,September
25.18,1936,10,PRI,October
24.6098,1936,11,PRI,November
23.3998,1936,12,PRI,December
22.1471,1937,1,PRI,January
22.2143,1937,2,PRI,February
23.6013,1937,3,PRI,March
23.94,1937,4,PRI,April
26.0427,1937,5,PRI,May
25.6741,1937,6,PRI,June
25.6684,1937,7,PRI,July
25.9722,1937,8,PRI,August
26.4282,1937,9,PRI,September
25.6789,1937,10,PRI,October
25.7125,1937,11,PRI,November
23.9823,1937,12,PRI,December
22.8378,1938,1,PRI,January
22.0101,1938,2,PRI,February
22.4858,1938,3,PRI,March
22.457,1938,4,PRI,April
24.3768,1938,5,PRI,May
24.9312,1938,6,PRI,June
25.097,1938,7,PRI,July
25.7631,1938,8,PRI,August
25.8045,1938,9,PRI,September
25.2256,1938,10,PRI,October
24.3172,1938,11,PRI,November
23.9229,1938,12,PRI,December
22.4884,1939,1,PRI,January
22.1091,1939,2,PRI,February
22.2143,1939,3,PRI,March
22.9105,1939,4,PRI,April
24.196,1939,5,PRI,May
24.6435,1939,6,PRI,June
25.2906,1939,7,PRI,July
25.8312,1939,8,PRI,August
26.0248,1939,9,PRI,September
25.9714,1939,10,PRI,October
25.239,1939,11,PRI,November
23.9744,1939,12,PRI,December
23.21,1940,1,PRI,January
23.3458,1940,2,PRI,February
23.4676,1940,3,PRI,March
24.0233,1940,4,PRI,April
25.2017,1940,5,PRI,May
25.4494,1940,6,PRI,June
25.9196,1940,7,PRI,July
26.1281,1940,8,PRI,August
26.5558,1940,9,PRI,September
26.2203,1940,10,PRI,October
25.2445,1940,11,PRI,November
24.1505,1940,12,PRI,December
22.9111,1941,1,PRI,January
24.0317,1941,2,PRI,February
23.9517,1941,3,PRI,March
24.3863,1941,4,PRI,April
25.4531,1941,5,PRI,May
25.5429,1941,6,PRI,June
24.9762,1941,7,PRI,July
25.7469,1941,8,PRI,August
25.9083,1941,9,PRI,September
25.6488,1941,10,PRI,October
25.2212,1941,11,PRI,November
24.4906,1941,12,PRI,December
23.6502,1942,1,PRI,January
23.6654,1942,2,PRI,February
24.1949,1942,3,PRI,March
24.4084,1942,4,PRI,April
25.4178,1942,5,PRI,May
25.6941,1942,6,PRI,June
25.8028,1942,7,PRI,July
26.1204,1942,8,PRI,August
25.9886,1942,9,PRI,September
26.2248,1942,10,PRI,October
25.3619,1942,11,PRI,November
24.4421,1942,12,PRI,December
22.8804,1943,1,PRI,January
22.957,1943,2,PRI,February
22.8906,1943,3,PRI,March
23.6884,1943,4,PRI,April
24.1672,1943,5,PRI,May
24.6589,1943,6,PRI,June
25.0998,1943,7,PRI,July
25.7057,1943,8,PRI,August
26.116,1943,9,PRI,September
25.7567,1943,10,PRI,October
25.0787,1943,11,PRI,November
23.8527,1943,12,PRI,December
22.9509,1944,1,PRI,January
22.5799,1944,2,PRI,February
22.9869,1944,3,PRI,March
23.8764,1944,4,PRI,April
24.287,1944,5,PRI,May
25.1893,1944,6,PRI,June
25.3202,1944,7,PRI,July
25.8061,1944,8,PRI,August
25.7712,1944,9,PRI,September
25.7485,1944,10,PRI,October
24.3929,1944,11,PRI,November
23.563,1944,12,PRI,December
21.9719,1945,1,PRI,January
22.266,1945,2,PRI,February
22.4985,1945,3,PRI,March
22.6662,1945,4,PRI,April
24.3216,1945,5,PRI,May
25.2031,1945,6,PRI,June
25.2545,1945,7,PRI,July
25.655,1945,8,PRI,August
25.5204,1945,9,PRI,September
25.2478,1945,10,PRI,October
24.2249,1945,11,PRI,November
23.7247,1945,12,PRI,December
22.8078,1946,1,PRI,January
22.0091,1946,2,PRI,February
22.953,1946,3,PRI,March
23.2469,1946,4,PRI,April
24.285,1946,5,PRI,May
24.9751,1946,6,PRI,June
25.0949,1946,7,PRI,July
25.5661,1946,8,PRI,August
25.5138,1946,9,PRI,September
25.4883,1946,10,PRI,October
24.5831,1946,11,PRI,November
23.7582,1946,12,PRI,December
22.7614,1947,1,PRI,January
23.1271,1947,2,PRI,February
23.7039,1947,3,PRI,March
23.4178,1947,4,PRI,April
24.6722,1947,5,PRI,May
25.4025,1947,6,PRI,June
25.5734,1947,7,PRI,July
25.862,1947,8,PRI,August
25.8171,1947,9,PRI,September
25.9211,1947,10,PRI,October
25.1818,1947,11,PRI,November
23.7077,1947,12,PRI,December
22.946,1948,1,PRI,January
22.7254,1948,2,PRI,February
22.9147,1948,3,PRI,March
23.2748,1948,4,PRI,April
25.3463,1948,5,PRI,May
25.9112,1948,6,PRI,June
25.622,1948,7,PRI,July
26.1828,1948,8,PRI,August
26.0698,1948,9,PRI,September
25.6981,1948,10,PRI,October
25.013,1948,11,PRI,November
23.8362,1948,12,PRI,December
22.0389,1949,1,PRI,January
22.0602,1949,2,PRI,February
22.7298,1949,3,PRI,March
23.6458,1949,4,PRI,April
25.0213,1949,5,PRI,May
25.0138,1949,6,PRI,June
25.0107,1949,7,PRI,July
25.8057,1949,8,PRI,August
25.6632,1949,9,PRI,September
25.2775,1949,10,PRI,October
24.7151,1949,11,PRI,November
23.2116,1949,12,PRI,December
21.9162,1950,1,PRI,January
21.9204,1950,2,PRI,February
22.3875,1950,3,PRI,March
22.8125,1950,4,PRI,April
24.3012,1950,5,PRI,May
25.0484,1950,6,PRI,June
25.0631,1950,7,PRI,July
25.6212,1950,8,PRI,August
25.7256,1950,9,PRI,September
25.597,1950,10,PRI,October
24.6447,1950,11,PRI,November
23.7098,1950,12,PRI,December
22.546,1951,1,PRI,January
21.9487,1951,2,PRI,February
22.0985,1951,3,PRI,March
23.9481,1951,4,PRI,April
25.9297,1951,5,PRI,May
25.4479,1951,6,PRI,June
25.4804,1951,7,PRI,July
26.5973,1951,8,PRI,August
26.1558,1951,9,PRI,September
25.7996,1951,10,PRI,October
25.2983,1951,11,PRI,November
23.8859,1951,12,PRI,December
22.8446,1952,1,PRI,January
22.6582,1952,2,PRI,February
23.4316,1952,3,PRI,March
23.9546,1952,4,PRI,April
25.3348,1952,5,PRI,May
25.5928,1952,6,PRI,June
25.0561,1952,7,PRI,July
26.0742,1952,8,PRI,August
25.6712,1952,9,PRI,September
25.7485,1952,10,PRI,October
24.6565,1952,11,PRI,November
22.981,1952,12,PRI,December
22.525,1953,1,PRI,January
22.4879,1953,2,PRI,February
22.9972,1953,3,PRI,March
24.0446,1953,4,PRI,April
24.8645,1953,5,PRI,May
25.3436,1953,6,PRI,June
25.5165,1953,7,PRI,July
25.7965,1953,8,PRI,August
26.058,1953,9,PRI,September
25.4889,1953,10,PRI,October
25.2605,1953,11,PRI,November
23.9482,1953,12,PRI,December
22.7138,1954,1,PRI,January
22.394,1954,2,PRI,February
23.3044,1954,3,PRI,March
23.2372,1954,4,PRI,April
24.875,1954,5,PRI,May
24.9361,1954,6,PRI,June
25.6607,1954,7,PRI,July
26.0773,1954,8,PRI,August
25.53,1954,9,PRI,September
24.8989,1954,10,PRI,October
24.4612,1954,11,PRI,November
23.8534,1954,12,PRI,December
22.8976,1955,1,PRI,January
22.729,1955,2,PRI,February
22.4471,1955,3,PRI,March
23.5567,1955,4,PRI,April
25.1966,1955,5,PRI,May
25.4853,1955,6,PRI,June
25.4267,1955,7,PRI,July
26.5453,1955,8,PRI,August
26.2479,1955,9,PRI,September
25.586,1955,10,PRI,October
25.2087,1955,11,PRI,November
23.8411,1955,12,PRI,December
22.5049,1956,1,PRI,January
22.3013,1956,2,PRI,February
23.0041,1956,3,PRI,March
23.8095,1956,4,PRI,April
24.7018,1956,5,PRI,May
24.8661,1956,6,PRI,June
25.1997,1956,7,PRI,July
25.7241,1956,8,PRI,August
25.6814,1956,9,PRI,September
25.5082,1956,10,PRI,October
24.8002,1956,11,PRI,November
23.6014,1956,12,PRI,December
22.8472,1957,1,PRI,January
22.9416,1957,2,PRI,February
23.6721,1957,3,PRI,March
23.7092,1957,4,PRI,April
25.0746,1957,5,PRI,May
25.5489,1957,6,PRI,June
25.717,1957,7,PRI,July
26.0525,1957,8,PRI,August
26.2878,1957,9,PRI,September
25.8247,1957,10,PRI,October
24.9907,1957,11,PRI,November
24.0876,1957,12,PRI,December
23.2747,1958,1,PRI,January
23.1865,1958,2,PRI,February
24.7208,1958,3,PRI,March
25.1922,1958,4,PRI,April
25.7894,1958,5,PRI,May
26.1764,1958,6,PRI,June
25.7951,1958,7,PRI,July
26.7008,1958,8,PRI,August
26.5895,1958,9,PRI,September
26.0466,1958,10,PRI,October
25.1668,1958,11,PRI,November
24.2625,1958,12,PRI,December
23.313,1959,1,PRI,January
23.2393,1959,2,PRI,February
24.118,1959,3,PRI,March
24.5566,1959,4,PRI,April
24.6015,1959,5,PRI,May
25.8036,1959,6,PRI,June
25.9332,1959,7,PRI,July
26.2454,1959,8,PRI,August
26.5473,1959,9,PRI,September
25.9176,1959,10,PRI,October
25.2439,1959,11,PRI,November
24.8759,1959,12,PRI,December
23.6937,1960,1,PRI,January
23.8972,1960,2,PRI,February
24.158,1960,3,PRI,March
24.6027,1960,4,PRI,April
25.979,1960,5,PRI,May
26.5727,1960,6,PRI,June
26.0119,1960,7,PRI,July
26.0792,1960,8,PRI,August
25.9556,1960,9,PRI,September
26.1471,1960,10,PRI,October
25.5327,1960,11,PRI,November
23.9153,1960,12,PRI,December
23.4214,1961,1,PRI,January
23.2814,1961,2,PRI,February
23.7282,1961,3,PRI,March
24.6233,1961,4,PRI,April
25.6323,1961,5,PRI,May
25.5426,1961,6,PRI,June
25.6744,1961,7,PRI,July
26.4887,1961,8,PRI,August
26.0816,1961,9,PRI,September
25.5377,1961,10,PRI,October
24.2071,1961,11,PRI,November
23.9403,1961,12,PRI,December
22.9729,1962,1,PRI,January
22.3645,1962,2,PRI,February
23.024,1962,3,PRI,March
24.0162,1962,4,PRI,April
24.9411,1962,5,PRI,May
25.7284,1962,6,PRI,June
26.4484,1962,7,PRI,July
26.4065,1962,8,PRI,August
26.2464,1962,9,PRI,September
25.8177,1962,10,PRI,October
25.0931,1962,11,PRI,November
24.2394,1962,12,PRI,December
23.1798,1963,1,PRI,January
23.5256,1963,2,PRI,February
23.4908,1963,3,PRI,March
23.9658,1963,4,PRI,April
24.7292,1963,5,PRI,May
25.8365,1963,6,PRI,June
26.0731,1963,7,PRI,July
26.6087,1963,8,PRI,August
26.3586,1963,9,PRI,September
26.3365,1963,10,PRI,October
25.16,1963,11,PRI,November
25.1483,1963,12,PRI,December
23.6411,1964,1,PRI,January
24.1298,1964,2,PRI,February
24.6472,1964,3,PRI,March
24.5417,1964,4,PRI,April
26.2108,1964,5,PRI,May
26.3669,1964,6,PRI,June
26.2533,1964,7,PRI,July
26.6999,1964,8,PRI,August
26.7244,1964,9,PRI,September
25.8904,1964,10,PRI,October
25.2974,1964,11,PRI,November
23.4569,1964,12,PRI,December
22.6304,1965,1,PRI,January
23.2591,1965,2,PRI,February
24.2747,1965,3,PRI,March
24.0993,1965,4,PRI,April
25.0853,1965,5,PRI,May
25.5559,1965,6,PRI,June
26.2232,1965,7,PRI,July
26.3219,1965,8,PRI,August
26.5688,1965,9,PRI,September
26.2039,1965,10,PRI,October
25.4537,1965,11,PRI,November
24.1044,1965,12,PRI,December
23.7649,1966,1,PRI,January
23.3988,1966,2,PRI,February
24.3141,1966,3,PRI,March
24.529,1966,4,PRI,April
25.4397,1966,5,PRI,May
26.0337,1966,6,PRI,June
26.4344,1966,7,PRI,July
26.8528,1966,8,PRI,August
26.2427,1966,9,PRI,September
25.65,1966,10,PRI,October
24.3665,1966,11,PRI,November
23.9718,1966,12,PRI,December
23.3689,1967,1,PRI,January
23.2944,1967,2,PRI,February
23.0935,1967,3,PRI,March
23.982,1967,4,PRI,April
25.2881,1967,5,PRI,May
26.0348,1967,6,PRI,June
26.1272,1967,7,PRI,July
26.4174,1967,8,PRI,August
26.5461,1967,9,PRI,September
26.2676,1967,10,PRI,October
25.8128,1967,11,PRI,November
24.2286,1967,12,PRI,December
23.3255,1968,1,PRI,January
23.3106,1968,2,PRI,February
23.4275,1968,3,PRI,March
23.8198,1968,4,PRI,April
25.7507,1968,5,PRI,May
25.8669,1968,6,PRI,June
26.0456,1968,7,PRI,July
26.7771,1968,8,PRI,August
26.5946,1968,9,PRI,September
26.3756,1968,10,PRI,October
25.5183,1968,11,PRI,November
24.2958,1968,12,PRI,December
23.0583,1969,1,PRI,January
22.8072,1969,2,PRI,February
24.2577,1969,3,PRI,March
25.2573,1969,4,PRI,April
26.1876,1969,5,PRI,May
26.6949,1969,6,PRI,June
26.1677,1969,7,PRI,July
26.2222,1969,8,PRI,August
26.323,1969,9,PRI,September
26.1736,1969,10,PRI,October
25.1482,1969,11,PRI,November
24.355,1969,12,PRI,December
23.3284,1970,1,PRI,January
22.9138,1970,2,PRI,February
23.7008,1970,3,PRI,March
24.7626,1970,4,PRI,April
25.2084,1970,5,PRI,May
25.9128,1970,6,PRI,June
26.2512,1970,7,PRI,July
26.3963,1970,8,PRI,August
26.3661,1970,9,PRI,September
25.8792,1970,10,PRI,October
25.0115,1970,11,PRI,November
24.0165,1970,12,PRI,December
23.3584,1971,1,PRI,January
23.1203,1971,2,PRI,February
24.0453,1971,3,PRI,March
24.5611,1971,4,PRI,April
25.3531,1971,5,PRI,May
26.3177,1971,6,PRI,June
26.2897,1971,7,PRI,July
26.5549,1971,8,PRI,August
26.7327,1971,9,PRI,September
25.5897,1971,10,PRI,October
25.1747,1971,11,PRI,November
23.9356,1971,12,PRI,December
23.1082,1972,1,PRI,January
23.3071,1972,2,PRI,February
23.876,1972,3,PRI,March
24.8557,1972,4,PRI,April
25.6371,1972,5,PRI,May
26.6298,1972,6,PRI,June
26.5936,1972,7,PRI,July
26.6949,1972,8,PRI,August
26.4128,1972,9,PRI,September
26.169,1972,10,PRI,October
25.5725,1972,11,PRI,November
24.32,1972,12,PRI,December
23.7368,1973,1,PRI,January
23.3783,1973,2,PRI,February
23.7976,1973,3,PRI,March
24.6208,1973,4,PRI,April
26.0092,1973,5,PRI,May
26.493,1973,6,PRI,June
26.6109,1973,7,PRI,July
26.5698,1973,8,PRI,August
26.4748,1973,9,PRI,September
26.4903,1973,10,PRI,October
25.2985,1973,11,PRI,November
23.5735,1973,12,PRI,December
23.1488,1974,1,PRI,January
23.5943,1974,2,PRI,February
24.0089,1974,3,PRI,March
24.47,1974,4,PRI,April
25.3355,1974,5,PRI,May
26.4065,1974,6,PRI,June
26.5304,1974,7,PRI,July
26.7137,1974,8,PRI,August
26.4533,1974,9,PRI,September
26.0652,1974,10,PRI,October
24.8023,1974,11,PRI,November
23.9637,1974,12,PRI,December
22.9915,1975,1,PRI,January
23.285,1975,2,PRI,February
23.8074,1975,3,PRI,March
24.5561,1975,4,PRI,April
25.2464,1975,5,PRI,May
26.2959,1975,6,PRI,June
26.3466,1975,7,PRI,July
26.6056,1975,8,PRI,August
26.1666,1975,9,PRI,September
25.7099,1975,10,PRI,October
24.871,1975,11,PRI,November
23.365,1975,12,PRI,December
22.4438,1976,1,PRI,January
22.8288,1976,2,PRI,February
22.9349,1976,3,PRI,March
23.9049,1976,4,PRI,April
25.0284,1976,5,PRI,May
25.8134,1976,6,PRI,June
26.4555,1976,7,PRI,July
26.7738,1976,8,PRI,August
26.6237,1976,9,PRI,September
26.2188,1976,10,PRI,October
25.6761,1976,11,PRI,November
24.0524,1976,12,PRI,December
23.1346,1977,1,PRI,January
23.606,1977,2,PRI,February
23.9079,1977,3,PRI,March
24.8277,1977,4,PRI,April
25.4146,1977,5,PRI,May
25.9867,1977,6,PRI,June
25.5354,1977,7,PRI,July
25.7778,1977,8,PRI,August
25.8248,1977,9,PRI,September
25.8989,1977,10,PRI,October
25.1487,1977,11,PRI,November
24.5591,1977,12,PRI,December
23.5411,1978,1,PRI,January
24.0074,1978,2,PRI,February
24.4988,1978,3,PRI,March
24.8202,1978,4,PRI,April
25.459,1978,5,PRI,May
26.116,1978,6,PRI,June
26.3652,1978,7,PRI,July
26.5517,1978,8,PRI,August
26.7637,1978,9,PRI,September
26.0816,1978,10,PRI,October
25.7108,1978,11,PRI,November
24.4597,1978,12,PRI,December
22.5286,1979,1,PRI,January
23.8101,1979,2,PRI,February
23.4389,1979,3,PRI,March
24.4226,1979,4,PRI,April
25.34,1979,5,PRI,May
26.6133,1979,6,PRI,June
26.5736,1979,7,PRI,July
26.5397,1979,8,PRI,August
26.0112,1979,9,PRI,September
26.353,1979,10,PRI,October
25.2927,1979,11,PRI,November
23.9748,1979,12,PRI,December
23.4785,1980,1,PRI,January
23.7526,1980,2,PRI,February
24.1548,1980,3,PRI,March
25.0988,1980,4,PRI,April
26.6103,1980,5,PRI,May
27.2876,1980,6,PRI,June
27.3768,1980,7,PRI,July
27.4783,1980,8,PRI,August
27.2318,1980,9,PRI,September
26.8828,1980,10,PRI,October
25.9672,1980,11,PRI,November
25.0126,1980,12,PRI,December
24.2589,1981,1,PRI,January
24.0681,1981,2,PRI,February
24.8339,1981,3,PRI,March
24.7946,1981,4,PRI,April
26.2834,1981,5,PRI,May
26.6643,1981,6,PRI,June
27.1083,1981,7,PRI,July
26.9026,1981,8,PRI,August
26.9563,1981,9,PRI,September
26.3333,1981,10,PRI,October
25.7017,1981,11,PRI,November
24.1652,1981,12,PRI,December
23.5907,1982,1,PRI,January
23.361,1982,2,PRI,February
23.6668,1982,3,PRI,March
24.8348,1982,4,PRI,April
25.0861,1982,5,PRI,May
26.2445,1982,6,PRI,June
26.3837,1982,7,PRI,July
27.0727,1982,8,PRI,August
26.967,1982,9,PRI,September
26.4749,1982,10,PRI,October
24.9524,1982,11,PRI,November
23.5826,1982,12,PRI,December
23.6267,1983,1,PRI,January
24.4109,1983,2,PRI,February
25.4878,1983,3,PRI,March
25.3943,1983,4,PRI,April
26.1923,1983,5,PRI,May
27.4009,1983,6,PRI,June
26.9169,1983,7,PRI,July
27.0019,1983,8,PRI,August
27.1607,1983,9,PRI,September
26.7462,1983,10,PRI,October
25.5541,1983,11,PRI,November
24.677,1983,12,PRI,December
23.4995,1984,1,PRI,January
23.5222,1984,2,PRI,February
24.5897,1984,3,PRI,March
25.5861,1984,4,PRI,April
25.4261,1984,5,PRI,May
25.9264,1984,6,PRI,June
26.0867,1984,7,PRI,July
26.3936,1984,8,PRI,August
26.0962,1984,9,PRI,September
25.4934,1984,10,PRI,October
24.312,1984,11,PRI,November
23.4942,1984,12,PRI,December
22.629,1985,1,PRI,January
23.3263,1985,2,PRI,February
23.2003,1985,3,PRI,March
24.0287,1985,4,PRI,April
25.2908,1985,5,PRI,May
26.569,1985,6,PRI,June
26.7415,1985,7,PRI,July
26.8769,1985,8,PRI,August
26.1085,1985,9,PRI,September
24.9236,1985,10,PRI,October
24.6767,1985,11,PRI,November
23.2946,1985,12,PRI,December
22.3318,1986,1,PRI,January
22.7215,1986,2,PRI,February
23.5566,1986,3,PRI,March
24.4356,1986,4,PRI,April
24.6491,1986,5,PRI,May
25.9756,1986,6,PRI,June
26.2028,1986,7,PRI,July
26.4458,1986,8,PRI,August
26.5605,1986,9,PRI,September
25.8555,1986,10,PRI,October
24.8726,1986,11,PRI,November
23.794,1986,12,PRI,December
22.8793,1987,1,PRI,January
23.5448,1987,2,PRI,February
23.8474,1987,3,PRI,March
25.4412,1987,4,PRI,April
25.8912,1987,5,PRI,May
25.8911,1987,6,PRI,June
26.4414,1987,7,PRI,July
27.0627,1987,8,PRI,August
27.0549,1987,9,PRI,September
26.7204,1987,10,PRI,October
25.6059,1987,11,PRI,November
24.872,1987,12,PRI,December
23.0724,1988,1,PRI,January
23.295,1988,2,PRI,February
23.6037,1988,3,PRI,March
25,1988,4,PRI,April
26.0951,1988,5,PRI,May
27.1834,1988,6,PRI,June
26.8185,1988,7,PRI,July
26.6669,1988,8,PRI,August
26.3057,1988,9,PRI,September
25.9326,1988,10,PRI,October
25.2097,1988,11,PRI,November
23.2729,1988,12,PRI,December
22.6699,1989,1,PRI,January
22.7986,1989,2,PRI,February
22.7596,1989,3,PRI,March
24.1345,1989,4,PRI,April
25.184,1989,5,PRI,May
25.6463,1989,6,PRI,June
25.9237,1989,7,PRI,July
26.5617,1989,8,PRI,August
26.2589,1989,9,PRI,September
25.8319,1989,10,PRI,October
25.3772,1989,11,PRI,November
24.6245,1989,12,PRI,December
23.4959,1990,1,PRI,January
22.8787,1990,2,PRI,February
22.9866,1990,3,PRI,March
24.6234,1990,4,PRI,April
25.9514,1990,5,PRI,May
26.4489,1990,6,PRI,June
26.3952,1990,7,PRI,July
26.853,1990,8,PRI,August
26.9898,1990,9,PRI,September
26.0771,1990,10,PRI,October
25.6933,1990,11,PRI,November
23.8398,1990,12,PRI,December
23.437,1991,1,PRI,January
23.7145,1991,2,PRI,February
24.1277,1991,3,PRI,March
24.7219,1991,4,PRI,April
25.6691,1991,5,PRI,May
26.5665,1991,6,PRI,June
26.6897,1991,7,PRI,July
26.9765,1991,8,PRI,August
26.7981,1991,9,PRI,September
26.2359,1991,10,PRI,October
25.1977,1991,11,PRI,November
24.4357,1991,12,PRI,December
23.1872,1992,1,PRI,January
23.9778,1992,2,PRI,February
24.2633,1992,3,PRI,March
25.3306,1992,4,PRI,April
25.4335,1992,5,PRI,May
26.6469,1992,6,PRI,June
26.663,1992,7,PRI,July
26.7161,1992,8,PRI,August
26.3915,1992,9,PRI,September
26.9042,1992,10,PRI,October
25.4489,1992,11,PRI,November
24.5169,1992,12,PRI,December
23.4685,1993,1,PRI,January
23.8461,1993,2,PRI,February
24.2549,1993,3,PRI,March
25.1247,1993,4,PRI,April
26.1226,1993,5,PRI,May
26.694,1993,6,PRI,June
26.4721,1993,7,PRI,July
27.2402,1993,8,PRI,August
26.5241,1993,9,PRI,September
26.4305,1993,10,PRI,October
25.533,1993,11,PRI,November
24.4933,1993,12,PRI,December
23.5529,1994,1,PRI,January
23.7809,1994,2,PRI,February
24.3831,1994,3,PRI,March
24.8365,1994,4,PRI,April
26.2823,1994,5,PRI,May
26.5599,1994,6,PRI,June
26.5795,1994,7,PRI,July
27.0232,1994,8,PRI,August
26.7758,1994,9,PRI,September
26.4429,1994,10,PRI,October
25.8293,1994,11,PRI,November
24.7553,1994,12,PRI,December
23.6757,1995,1,PRI,January
24.0797,1995,2,PRI,February
23.3938,1995,3,PRI,March
25.2671,1995,4,PRI,April
25.9001,1995,5,PRI,May
26.6306,1995,6,PRI,June
27.003,1995,7,PRI,July
27.3909,1995,8,PRI,August
27.418,1995,9,PRI,September
26.1932,1995,10,PRI,October
25.606,1995,11,PRI,November
24.9334,1995,12,PRI,December
23.7495,1996,1,PRI,January
23.7091,1996,2,PRI,February
24.3077,1996,3,PRI,March
24.6359,1996,4,PRI,April
25.2916,1996,5,PRI,May
25.8792,1996,6,PRI,June
26.49,1996,7,PRI,July
26.5906,1996,8,PRI,August
26.6125,1996,9,PRI,September
26.1492,1996,10,PRI,October
25.0998,1996,11,PRI,November
23.0052,1996,12,PRI,December
22.7289,1997,1,PRI,January
22.5723,1997,2,PRI,February
23.2684,1997,3,PRI,March
24.7223,1997,4,PRI,April
25.8739,1997,5,PRI,May
26.8134,1997,6,PRI,June
26.628,1997,7,PRI,July
26.774,1997,8,PRI,August
26.8761,1997,9,PRI,September
26.1115,1997,10,PRI,October
25.6687,1997,11,PRI,November
24.9888,1997,12,PRI,December
24.0849,1998,1,PRI,January
23.9064,1998,2,PRI,February
24.0759,1998,3,PRI,March
24.6745,1998,4,PRI,April
25.8339,1998,5,PRI,May
26.6993,1998,6,PRI,June
26.6384,1998,7,PRI,July
27.3124,1998,8,PRI,August
26.7194,1998,9,PRI,September
26.3307,1998,10,PRI,October
25.4525,1998,11,PRI,November
24.585,1998,12,PRI,December
23.2194,1999,1,PRI,January
22.384,1999,2,PRI,February
23.7016,1999,3,PRI,March
24.61,1999,4,PRI,April
26.1906,1999,5,PRI,May
26.1908,1999,6,PRI,June
26.1128,1999,7,PRI,July
26.8437,1999,8,PRI,August
26.7324,1999,9,PRI,September
25.9505,1999,10,PRI,October
25.096,1999,11,PRI,November
23.4641,1999,12,PRI,December
22.6,2000,1,PRI,January
23.0689,2000,2,PRI,February
23.0239,2000,3,PRI,March
24.6236,2000,4,PRI,April
25.3171,2000,5,PRI,May
26.1094,2000,6,PRI,June
26.6055,2000,7,PRI,July
26.7763,2000,8,PRI,August
26.2562,2000,9,PRI,September
25.919,2000,10,PRI,October
24.9303,2000,11,PRI,November
24.1212,2000,12,PRI,December
23.2919,2001,1,PRI,January
23.2452,2001,2,PRI,February
24.3677,2001,3,PRI,March
24.9658,2001,4,PRI,April
26.3351,2001,5,PRI,May
26.4158,2001,6,PRI,June
26.4989,2001,7,PRI,July
26.9286,2001,8,PRI,August
26.7338,2001,9,PRI,September
26.1016,2001,10,PRI,October
24.9771,2001,11,PRI,November
24.2877,2001,12,PRI,December
23.6744,2002,1,PRI,January
23.5471,2002,2,PRI,February
24.2695,2002,3,PRI,March
24.4092,2002,4,PRI,April
25.3693,2002,5,PRI,May
26.4384,2002,6,PRI,June
26.4621,2002,7,PRI,July
26.7612,2002,8,PRI,August
26.6263,2002,9,PRI,September
26.042,2002,10,PRI,October
25.6574,2002,11,PRI,November
24.2237,2002,12,PRI,December
23.608,2003,1,PRI,January
23.7569,2003,2,PRI,February
24.6506,2003,3,PRI,March
24.6256,2003,4,PRI,April
25.6923,2003,5,PRI,May
26.0309,2003,6,PRI,June
26.0967,2003,7,PRI,July
26.3932,2003,8,PRI,August
26.7801,2003,9,PRI,September
26.0637,2003,10,PRI,October
24.9585,2003,11,PRI,November
24.0123,2003,12,PRI,December
22.7341,2004,1,PRI,January
23.2179,2004,2,PRI,February
23.6361,2004,3,PRI,March
24.2167,2004,4,PRI,April
24.5461,2004,5,PRI,May
26.3689,2004,6,PRI,June
26.2422,2004,7,PRI,July
27.1199,2004,8,PRI,August
26.6341,2004,9,PRI,September
25.9685,2004,10,PRI,October
24.7159,2004,11,PRI,November
24.1048,2004,12,PRI,December
22.5855,2005,1,PRI,January
22.1493,2005,2,PRI,February
24.6365,2005,3,PRI,March
25.5765,2005,4,PRI,April
25.8709,2005,5,PRI,May
26.8224,2005,6,PRI,June
26.9146,2005,7,PRI,July
26.9417,2005,8,PRI,August
27.0688,2005,9,PRI,September
25.841,2005,10,PRI,October
25.1915,2005,11,PRI,November
23.0275,2005,12,PRI,December
22.2217,2006,1,PRI,January
22.7916,2006,2,PRI,February
24.0329,2006,3,PRI,March
24.3844,2006,4,PRI,April
26.0716,2006,5,PRI,May
26.5967,2006,6,PRI,June
26.1602,2006,7,PRI,July
26.449,2006,8,PRI,August
27.0464,2006,9,PRI,September
26.5467,2006,10,PRI,October
25.6807,2006,11,PRI,November
24.275,2006,12,PRI,December
23.1788,2007,1,PRI,January
24.1757,2007,2,PRI,February
24.6737,2007,3,PRI,March
24.8302,2007,4,PRI,April
26.513,2007,5,PRI,May
26.9827,2007,6,PRI,June
26.7767,2007,7,PRI,July
26.7121,2007,8,PRI,August
26.505,2007,9,PRI,September
25.9298,2007,10,PRI,October
24.8917,2007,11,PRI,November
23.5952,2007,12,PRI,December
22.648,2008,1,PRI,January
23.079,2008,2,PRI,February
23.5457,2008,3,PRI,March
24.1589,2008,4,PRI,April
25.651,2008,5,PRI,May
26.2774,2008,6,PRI,June
26.5817,2008,7,PRI,July
27.1503,2008,8,PRI,August
26.2687,2008,9,PRI,September
25.6254,2008,10,PRI,October
24.9102,2008,11,PRI,November
23.732,2008,12,PRI,December
23.649,2009,1,PRI,January
23.3858,2009,2,PRI,February
23.3655,2009,3,PRI,March
24.5201,2009,4,PRI,April
25.1128,2009,5,PRI,May
26.5541,2009,6,PRI,June
27.3476,2009,7,PRI,July
27.3749,2009,8,PRI,August
27.2093,2009,9,PRI,September
27.1732,2009,10,PRI,October
25.0496,2009,11,PRI,November
25.0255,2009,12,PRI,December
23.5496,2010,1,PRI,January
24.7461,2010,2,PRI,February
25.0532,2010,3,PRI,March
25.2076,2010,4,PRI,April
25.9485,2010,5,PRI,May
26.3227,2010,6,PRI,June
26.5156,2010,7,PRI,July
27.3174,2010,8,PRI,August
26.6669,2010,9,PRI,September
26.0279,2010,10,PRI,October
24.8185,2010,11,PRI,November
23.2869,2010,12,PRI,December
23.1101,2011,1,PRI,January
23.5032,2011,2,PRI,February
23.4535,2011,3,PRI,March
24.4016,2011,4,PRI,April
24.6568,2011,5,PRI,May
26.0478,2011,6,PRI,June
26.0199,2011,7,PRI,July
26.5521,2011,8,PRI,August
26.2336,2011,9,PRI,September
25.9929,2011,10,PRI,October
25.2455,2011,11,PRI,November
23.9194,2011,12,PRI,December
23.0831,2012,1,PRI,January
23.6148,2012,2,PRI,February
23.9847,2012,3,PRI,March
25.0461,2012,4,PRI,April
25.6011,2012,5,PRI,May
27.7142,2012,6,PRI,June
26.7742,2012,7,PRI,July
26.9575,2012,8,PRI,August
27.5039,2012,9,PRI,September
26.9116,2012,10,PRI,October
26.142,2012,11,PRI,November
24.5091,2012,12,PRI,December
23.8021,2013,1,PRI,January
23.9557,2013,2,PRI,February
24.5777,2013,3,PRI,March
25.1392,2013,4,PRI,April
25.6631,2013,5,PRI,May
25.8898,2013,6,PRI,June
26.471,2013,7,PRI,July
27.2356,2013,8,PRI,August
27.2225,2013,9,PRI,September
26.9557,2013,10,PRI,October
25.1268,2013,11,PRI,November
24.9125,2013,12,PRI,December
24.6718,2014,1,PRI,January
24.4544,2014,2,PRI,February
24.7347,2014,3,PRI,March
26.0737,2014,4,PRI,April
25.479,2014,5,PRI,May
27.4708,2014,6,PRI,June
27.4347,2014,7,PRI,July
26.7599,2014,8,PRI,August
26.7644,2014,9,PRI,September
27.1357,2014,10,PRI,October
25.7113,2014,11,PRI,November
24.6891,2014,12,PRI,December
24.0166,2015,1,PRI,January
24.3114,2015,2,PRI,February
24.0965,2015,3,PRI,March
25.6133,2015,4,PRI,April
26.3512,2015,5,PRI,May
26.9622,2015,6,PRI,June
26.8254,2015,7,PRI,July
26.9019,2015,8,PRI,August
27.367,2015,9,PRI,September
27.3938,2015,10,PRI,October
25.7461,2015,11,PRI,November
25.1217,2015,12,PRI,December